Series Name,Series Code,Country Name,Country Code,1990 [YR1990],2000 [YR2000],2007 [YR2007],2008 [YR2008],2009 [YR2009],2010 [YR2010],2011 [YR2011],2012 [YR2012],2013 [YR2013],2014 [YR2014],2015 [YR2015],2016 [YR2016]
Total greenhouse gas emissions (kt of CO2 equivalent),EN.ATM.GHGT.KT.CE,Afghanistan,AFG,12528.0165,13530.953,15272.633,15288.7756,15554.4294997907,17791.3299018728,17981.3072867677,..,..,..,..,..
Total greenhouse gas emissions (kt of CO2 equivalent),EN.ATM.GHGT.KT.CE,Albania,ALB,11112.72956,8389.2767,9879.3935,8136.785,8108.81238694848,8506.99603431525,8712.29636455369,8898.64091140274,..,..,..,..
Total greenhouse gas emissions (kt of CO2 equivalent),EN.ATM.GHGT.KT.CE,Algeria,DZA,106445.8175,133778.197,157333.425,160415.277,160849.926561587,167674.633000695,172303.509195404,176471.226769797,..,..,..,..
Total greenhouse gas emissions (kt of CO2 equivalent),EN.ATM.GHGT.KT.CE,American Samoa,ASM,20.3813783,47.656033,53.913983,54.616323,54.9893494063012,56.6374866017899,57.7435092847854,58.7655192902151,..,..,..,..
Total greenhouse gas emissions (kt of CO2 equivalent),EN.ATM.GHGT.KT.CE,Andorra,AND,..,..,..,..,..,..,..,..,..,..,..,..
Total greenhouse gas emissions (kt of CO2 equivalent),EN.ATM.GHGT.KT.CE,Angola,AGO,50806.5426914,34780.6811,36690.534,37396.294,38309.4651264052,40029.3921005695,40878.6519582578,41657.1648460299,..,..,..,..
Total greenhouse gas emissions (kt of CO2 equivalent),EN.ATM.GHGT.KT.CE,Antigua and Barbuda,ATG,372.28777,398.694259,478.083878,491.89739,..,..,537.80583894233,552.747914304263,..,..,..,..
Total greenhouse gas emissions (kt of CO2 equivalent),EN.ATM.GHGT.KT.CE,Argentina,ARG,266555.03,331450.87,384547.75,411503.63,373409.065636756,364684.253845885,372873.14375805,380295.320368897,..,..,..,..
Total greenhouse gas emissions (kt of CO2 equivalent),EN.ATM.GHGT.KT.CE,Armenia,ARM,24729.9166,6867.7102,9323.71758,12469.983,11235.0892664869,11393.0393525219,12417.7361164488,12319.3896093062,..,..,..,..
Total greenhouse gas emissions (kt of CO2 equivalent),EN.ATM.GHGT.KT.CE,Aruba,ABW,..,..,..,..,..,..,..,..,..,..,..,..
Total greenhouse gas emissions (kt of CO2 equivalent),EN.ATM.GHGT.KT.CE,Australia,AUS,482298.262,1081244.41,1065623.87,892629.27,1105167.23617132,782102.692196849,785795.149950158,761686.273857649,..,..,..,..
Total greenhouse gas emissions (kt of CO2 equivalent),EN.ATM.GHGT.KT.CE,Austria,AUT,79836.956,82686.748,93276.758,94608.82183,89046.7550242494,94172.3509433563,92315.0525967119,90460.2102892241,..,..,..,..
Total greenhouse gas emissions (kt of CO2 equivalent),EN.ATM.GHGT.KT.CE,Azerbaijan,AZE,78096.61988,42646.5596,45144.106,53832.8169,49623.1778669541,50724.569637349,53982.832512624,56537.0817767984,..,..,..,..
Total greenhouse gas emissions (kt of CO2 equivalent),EN.ATM.GHGT.KT.CE,"Bahamas, The",BHS,3593.57477,3185.22211,4128.8887,4339.66058,4335.92690568024,4570.35755329238,4726.37931595067,4865.20676738915,..,..,..,..
Total greenhouse gas emissions (kt of CO2 equivalent),EN.ATM.GHGT.KT.CE,Bahrain,BHR,17050.70875,..,..,..,29249.5794618954,30921.9708369881,31941.0424444878,32849.1057287728,..,..,..,..
Total greenhouse gas emissions (kt of CO2 equivalent),EN.ATM.GHGT.KT.CE,Bangladesh,BGD,126701.696,136012.9,161041.755,164700.503,169927.913290136,177504.473602208,180498.432989672,183300.562417687,..,..,..,..
Total greenhouse gas emissions (kt of CO2 equivalent),EN.ATM.GHGT.KT.CE,Barbados,BRB,1199.66709,1313.94728,..,..,..,..,..,1540.61570884268,..,..,..,..
Total greenhouse gas emissions (kt of CO2 equivalent),EN.ATM.GHGT.KT.CE,Belarus,BLR,185411.7606,83387.545,95710.8225,100860.1753,101754.791693808,108204.547178591,108921.434693533,109647.238750262,..,..,..,..
Total greenhouse gas emissions (kt of CO2 equivalent),EN.ATM.GHGT.KT.CE,Belgium,BEL,137872.522,147051.2,131823.167,137213.867,131110.289477906,138029.410871298,137517.867915404,133373.684007061,..,..,..,..
Total greenhouse gas emissions (kt of CO2 equivalent),EN.ATM.GHGT.KT.CE,Belize,BLZ,632.71626,1676.47151,1802.16292,1408.14902,1534.36458313462,1498.87844951416,1536.23743731011,1569.8585030674,..,..,..,..
Total greenhouse gas emissions (kt of CO2 equivalent),EN.ATM.GHGT.KT.CE,Benin,BEN,47187.972,40254.008,39886.08,37639.925,38068.3747296726,33029.8223452635,33289.5519203445,33533.0967333661,..,..,..,..
Total greenhouse gas emissions (kt of CO2 equivalent),EN.ATM.GHGT.KT.CE,Bermuda,BMU,652.962347,518.971347,..,..,561.263745445672,594.651571750838,614.875651538293,632.876992070822,..,..,..,..
Total greenhouse gas emissions (kt of CO2 equivalent),EN.ATM.GHGT.KT.CE,Bhutan,BTN,1280.14329,2309.76196,2326.55307,1908.28623,2190.92068373641,3220.40038033772,3259.60738958883,3296.96372502552,..,..,..,..
Total greenhouse gas emissions (kt of CO2 equivalent),EN.ATM.GHGT.KT.CE,Bolivia,BOL,192645.695,91400.932,227561.899,120003.253,76425.9663518695,102900.515628915,620981.955546628,621726.72675282,..,..,..,..
Total greenhouse gas emissions (kt of CO2 equivalent),EN.ATM.GHGT.KT.CE,Bosnia and Herzegovina,BIH,31318.60314,22492.9083,24673.0881,24236.6085,24471.8965485269,25619.3313185136,26405.844115572,27108.4002030228,..,..,..,..
Total greenhouse gas emissions (kt of CO2 equivalent),EN.ATM.GHGT.KT.CE,Botswana,BWA,13373.085,39682.4972,26082.8828,73051.1312,22941.9658476252,81652.255603953,81891.0361459063,82110.2767551773,..,..,..,..
Total greenhouse gas emissions (kt of CO2 equivalent),EN.ATM.GHGT.KT.CE,Brazil,BRA,1606209.334,1222630.43,2703498.56,1532859.83,1211969.40849959,2902242.61816138,2953040.51916222,2989417.95671697,..,..,..,..
Total greenhouse gas emissions (kt of CO2 equivalent),EN.ATM.GHGT.KT.CE,British Virgin Islands,VGB,72.916993,..,..,..,..,..,..,..,..,..,..,..
Total greenhouse gas emissions (kt of CO2 equivalent),EN.ATM.GHGT.KT.CE,Brunei Darussalam,BRN,18366.774,9649.3964,12998.2302,13738.0621,13549.7996975112,14123.5980784977,14494.4915224535,14828.9670065495,..,..,..,..
Total greenhouse gas emissions (kt of CO2 equivalent),EN.ATM.GHGT.KT.CE,Bulgaria,BGR,108086.0268,66195.088,72526.719,71720.335,65132.8579,67945.3135,72946.6230665323,67942.6956330647,..,..,..,..
Total greenhouse gas emissions (kt of CO2 equivalent),EN.ATM.GHGT.KT.CE,Burkina Faso,BFA,12151.01,46470.1,43631.841,40706.298,43473.0978945734,43405.9091881049,43660.150208767,43910.4023930555,..,..,..,..
Total greenhouse gas emissions (kt of CO2 equivalent),EN.ATM.GHGT.KT.CE,Burundi,BDI,2798.9396,3398.8732,5477.675,5724.9553,5925.87668691856,6040.9823701579,6151.9955362651,6254.37102422528,..,..,..,..
Total greenhouse gas emissions (kt of CO2 equivalent),EN.ATM.GHGT.KT.CE,Cabo Verde,CPV,208.23803,333.35502,..,369.11656,376.400422517821,..,..,..,..,..,..,..
Total greenhouse gas emissions (kt of CO2 equivalent),EN.ATM.GHGT.KT.CE,Cambodia,KHM,19521.916,42118.313,197112.044,120478.859,87674.9467919816,126272.197590116,126838.759921248,127399.586925028,..,..,..,..
Total greenhouse gas emissions (kt of CO2 equivalent),EN.ATM.GHGT.KT.CE,Cameroon,CMR,97554.79,163101.039,120331.649,120917.192,116739.191913519,99823.2841036055,100386.545956658,100922.136209962,..,..,..,..
Total greenhouse gas emissions (kt of CO2 equivalent),EN.ATM.GHGT.KT.CE,Canada,CAN,608685,760643,892066.85,908926,749863.654006812,764137.675301163,1033481.98200961,1027063.85487082,..,..,..,..
Total greenhouse gas emissions (kt of CO2 equivalent),EN.ATM.GHGT.KT.CE,Cayman Islands,CYM,297.396063,..,..,..,..,..,..,..,..,..,..,..
Total greenhouse gas emissions (kt of CO2 equivalent),EN.ATM.GHGT.KT.CE,Central African Republic,CAF,146226.244,499622.058,695449.724,603473.098,428273.612164627,511442.689268757,513289.515718343,515134.078641482,..,..,..,..
Total greenhouse gas emissions (kt of CO2 equivalent),EN.ATM.GHGT.KT.CE,Chad,TCD,18338.288,129247.645,128596.504,119558.378,102031.53812638,109130.415140564,109463.638704445,109796.019972251,..,..,..,..
Total greenhouse gas emissions (kt of CO2 equivalent),EN.ATM.GHGT.KT.CE,Channel Islands,CHI,..,..,..,..,..,..,..,..,..,..,..,..
Total greenhouse gas emissions (kt of CO2 equivalent),EN.ATM.GHGT.KT.CE,Chile,CHL,54730.277,90384.583,113127.232,111021.043,110404.531907509,114284.996586273,117661.680608773,120687.892409947,..,..,..,..
Total greenhouse gas emissions (kt of CO2 equivalent),EN.ATM.GHGT.KT.CE,China,CHN,3892675.1604,5082325.6,9124046.5,10022024.8,10617264.9,11183810.6,12064260.00255,12454710.6051,..,..,..,..
Total greenhouse gas emissions (kt of CO2 equivalent),EN.ATM.GHGT.KT.CE,Colombia,COL,174396.943,164520.425,177034.101,167450.086,171912.029047431,166695.866929375,170199.57902723,173411.767914881,..,..,..,..
Total greenhouse gas emissions (kt of CO2 equivalent),EN.ATM.GHGT.KT.CE,Comoros,COM,294.3718926,365.90311,513.65354,579.093,531.670002296986,543.622185158965,554.335660086527,564.2206617218,..,..,..,..
Total greenhouse gas emissions (kt of CO2 equivalent),EN.ATM.GHGT.KT.CE,"Congo, Dem. Rep.",COD,1376921.73,861822.71,895387.99,754085.86,731884.62677823,799228.673149844,800756.941604716,802271.302846335,..,..,..,..
Total greenhouse gas emissions (kt of CO2 equivalent),EN.ATM.GHGT.KT.CE,"Congo, Rep.",COG,63552.840401,28435.401,34160.312,31049.211,34611.2805484124,35247.1649100242,35504.4557838841,35743.9185202452,..,..,..,..
Total greenhouse gas emissions (kt of CO2 equivalent),EN.ATM.GHGT.KT.CE,Costa Rica,CRI,8593.78662,9851.2703,11298.0278,10806.5413,11067.7508013063,11684.5675043084,11994.6875158322,12274.1340926836,..,..,..,..
Total greenhouse gas emissions (kt of CO2 equivalent),EN.ATM.GHGT.KT.CE,Cote d'Ivoire,CIV,152200.604,29442.742,27859.552,29682.239,30685.2342736302,32525.2533486886,33027.4827204803,33502.160237923,..,..,..,..
Total greenhouse gas emissions (kt of CO2 equivalent),EN.ATM.GHGT.KT.CE,Croatia,HRV,34734.33116,27312.045,33301.0976,32938.0609,31461.0364,31172.6453,30453.5113317779,30421.0493635559,..,..,..,..
Total greenhouse gas emissions (kt of CO2 equivalent),EN.ATM.GHGT.KT.CE,Cuba,CUB,57043.9724,46257.54,44012.986,48557.436,50545.3964985048,49782.5314025299,51170.7478479685,52418.4556499535,..,..,..,..
Total greenhouse gas emissions (kt of CO2 equivalent),EN.ATM.GHGT.KT.CE,Curacao,CUW,..,..,..,..,..,..,..,..,..,..,..,..
Total greenhouse gas emissions (kt of CO2 equivalent),EN.ATM.GHGT.KT.CE,Cyprus,CYP,5130.35771,7952.74819,9077.2757,9165.95482,..,..,7652.33091598057,7431.19345348047,..,..,..,..
Total greenhouse gas emissions (kt of CO2 equivalent),EN.ATM.GHGT.KT.CE,Czech Republic,CZE,196206.7838,162021.192,149838.95488,144072.577,137877.28962,145706.917,144613.247371501,138957.424743003,..,..,..,..
Total greenhouse gas emissions (kt of CO2 equivalent),EN.ATM.GHGT.KT.CE,Denmark,DNK,72484.035,68553.546,67993.19979,65167.02911,63012.0156546705,63679.0897800674,58416.0447370069,53703.2239270284,..,..,..,..
Total greenhouse gas emissions (kt of CO2 equivalent),EN.ATM.GHGT.KT.CE,Djibouti,DJI,1821.59311,1969.1694,2432.43131,2518.567,2523.21548727578,2629.83257395005,2701.62250690939,2766.30381501414,..,..,..,..
Total greenhouse gas emissions (kt of CO2 equivalent),EN.ATM.GHGT.KT.CE,Dominica,DMA,130.666114,140.86978,195.278392,202.798108,203.107461505429,211.314184610682,217.382774399324,222.835577813651,..,..,..,..
Total greenhouse gas emissions (kt of CO2 equivalent),EN.ATM.GHGT.KT.CE,Dominican Republic,DOM,17001.1508,28492.2016,30393.1473,30646.076,30499.8469375531,31668.7077187034,32578.1585810517,33395.0844298818,..,..,..,..
Total greenhouse gas emissions (kt of CO2 equivalent),EN.ATM.GHGT.KT.CE,Ecuador,ECU,30859.4911,39805.121,49801.889,47603.308,49448.3280129417,50320.6980317543,51593.6633841968,52746.5726940589,..,..,..,..
Total greenhouse gas emissions (kt of CO2 equivalent),EN.ATM.GHGT.KT.CE,"Egypt, Arab Rep.",EGY,139101.6501,184459.7407,266252.2745,269736.626,266325.429884229,280255.576563894,288287.828043016,295499.745446082,..,..,..,..
Total greenhouse gas emissions (kt of CO2 equivalent),EN.ATM.GHGT.KT.CE,El Salvador,SLV,6685.708201,10344.8258,12085.9588,11979.6733,11911.5614974884,11978.8533908473,12293.6068691146,12577.7897375628,..,..,..,..
Total greenhouse gas emissions (kt of CO2 equivalent),EN.ATM.GHGT.KT.CE,Equatorial Guinea,GNQ,243.380047,4048.32908,5927.13969,5766.37061,5840.52221773663,6099.11390788911,..,6374.17105425022,..,..,..,..
Total greenhouse gas emissions (kt of CO2 equivalent),EN.ATM.GHGT.KT.CE,Eritrea,ERI,3335.2411,4981.2584,4868.8631,4954.7574,4751.093152378,4844.785693043,4912.88017286787,4977.88803281947,..,..,..,..
Total greenhouse gas emissions (kt of CO2 equivalent),EN.ATM.GHGT.KT.CE,Estonia,EST,55787.31741,17768.8082,23503.7062,21871.9123,18815.60914,22767.1259,24378.846055451,23292.7792109021,..,..,..,..
Total greenhouse gas emissions (kt of CO2 equivalent),EN.ATM.GHGT.KT.CE,Ethiopia,ETH,67300.580553,183617.668,189006.75,175266.23,182032.58408693,182771.197854415,184045.876084179,185292.168103158,..,..,..,..
Total greenhouse gas emissions (kt of CO2 equivalent),EN.ATM.GHGT.KT.CE,Faroe Islands,FRO,..,..,..,..,..,..,..,..,..,..,..,..
Total greenhouse gas emissions (kt of CO2 equivalent),EN.ATM.GHGT.KT.CE,Fiji,FJI,2328.8648,1574.6846,2097.6959,2123.9629,2336.07495179159,2163.92228733812,2213.24287418135,2258.17305672094,..,..,..,..
Total greenhouse gas emissions (kt of CO2 equivalent),EN.ATM.GHGT.KT.CE,Finland,FIN,75555.06141,75117.479,85742.2331,78384.73416,74993.8863442864,84371.5387256094,76124.6255948726,69072.9387223345,..,..,..,..
Total greenhouse gas emissions (kt of CO2 equivalent),EN.ATM.GHGT.KT.CE,France,FRA,554685.28,559922.199,540947.1359,544424.0617,527525.776542167,532133.040360555,502656.654982811,499146.634492193,..,..,..,..
Total greenhouse gas emissions (kt of CO2 equivalent),EN.ATM.GHGT.KT.CE,French Polynesia,PYF,1014.46011,610.09538,..,..,..,..,..,..,..,..,..,..
Total greenhouse gas emissions (kt of CO2 equivalent),EN.ATM.GHGT.KT.CE,Gabon,GAB,12276.85768,32923.10176,13080.5403,61809.4079,14325.6426511649,34053.552420328,34324.7623145748,34570.626576672,..,..,..,..
Total greenhouse gas emissions (kt of CO2 equivalent),EN.ATM.GHGT.KT.CE,"Gambia, The",GMB,1189.5885,2864.9869,4029.4209,3350.4432,3012.97665945821,3481.57320442381,3505.92445910053,3529.23152956181,..,..,..,..
Total greenhouse gas emissions (kt of CO2 equivalent),EN.ATM.GHGT.KT.CE,Georgia,GEO,38220.5924,11554.305612,12884.9934,12282.1374,13250.1200201929,13108.6237650807,14665.8003034717,14627.7492943065,..,..,..,..
Total greenhouse gas emissions (kt of CO2 equivalent),EN.ATM.GHGT.KT.CE,Germany,DEU,1256074.03,1016295.545,972896.22535,992116.30262,950463.408604366,948006.754235074,929540.263405034,951716.711065489,..,..,..,..
Total greenhouse gas emissions (kt of CO2 equivalent),EN.ATM.GHGT.KT.CE,Ghana,GHA,29495.582968,107699.825,107333.767,124072.65,104912.635467253,106432.692607526,107126.215493213,107784.294435056,..,..,..,..
Total greenhouse gas emissions (kt of CO2 equivalent),EN.ATM.GHGT.KT.CE,Gibraltar,GIB,159.451771,356.180185,426.49841,..,..,..,459.115654966115,473.005729316361,..,..,..,..
Total greenhouse gas emissions (kt of CO2 equivalent),EN.ATM.GHGT.KT.CE,Greece,GRC,96659.0445,115225.458,127392.258,117310.663,113365.798767144,107505.979055767,105013.933556742,100571.170745123,..,..,..,..
Total greenhouse gas emissions (kt of CO2 equivalent),EN.ATM.GHGT.KT.CE,Greenland,GRL,..,..,..,..,..,..,..,..,..,..,..,..
Total greenhouse gas emissions (kt of CO2 equivalent),EN.ATM.GHGT.KT.CE,Grenada,GRD,157.901249,474.9675,625.75656,643.730012,645.080683567652,682.65769207226,705.684685472562,726.185419740993,..,..,..,..
Total greenhouse gas emissions (kt of CO2 equivalent),EN.ATM.GHGT.KT.CE,Guam,GUM,60.1849157,69.55195,78.7497834,80.2123132,81.4806286961758,83.6212456391392,84.7696534428198,85.8694584981447,..,..,..,..
Total greenhouse gas emissions (kt of CO2 equivalent),EN.ATM.GHGT.KT.CE,Guatemala,GTM,14907.3608,70005.686,34084.597,32857.908,37118.6643315547,30327.54697826,30950.2537441356,31515.4501791152,..,..,..,..
Total greenhouse gas emissions (kt of CO2 equivalent),EN.ATM.GHGT.KT.CE,Guinea,GIN,65170.672,84360.143,91126.982,135227.869,160212.122008992,100274.039948299,100814.392078924,101348.988273839,..,..,..,..
Total greenhouse gas emissions (kt of CO2 equivalent),EN.ATM.GHGT.KT.CE,Guinea-Bissau,GNB,1628.8117,6791.4424,6842.4988,5808.0868,5046.75756824414,7536.35781347783,7571.17684486716,7604.73449731623,..,..,..,..
Total greenhouse gas emissions (kt of CO2 equivalent),EN.ATM.GHGT.KT.CE,Guyana,GUY,16735.4609,4405.2298,4939.3293,5112.8356,25763.6931891269,5937.29421093619,6042.57849427375,6140.68725152308,..,..,..,..
Total greenhouse gas emissions (kt of CO2 equivalent),EN.ATM.GHGT.KT.CE,Haiti,HTI,5356.9867,7179.0971,8537.2077,8462.3932,8453.14776108017,8545.16780836899,8695.42577952115,8835.46690838767,..,..,..,..
Total greenhouse gas emissions (kt of CO2 equivalent),EN.ATM.GHGT.KT.CE,Honduras,HND,13722.119,21929.621,19178.5335,19785.857,19877.5557663616,19663.7156155789,20084.1362219677,20467.1629868832,..,..,..,..
Total greenhouse gas emissions (kt of CO2 equivalent),EN.ATM.GHGT.KT.CE,"Hong Kong SAR, China",HKG,37253.7089,45292.8777,49054.4347,51945.7835,52038.7287180895,55049.4029662817,56946.3878595726,58633.5167723061,..,..,..,..
Total greenhouse gas emissions (kt of CO2 equivalent),EN.ATM.GHGT.KT.CE,Hungary,HUN,97552.24,75482.05879,72331.2477,71578.8505,65812.1371,66250.7743,64385.0040495242,62988.3997990485,..,..,..,..
Total greenhouse gas emissions (kt of CO2 equivalent),EN.ATM.GHGT.KT.CE,Iceland,ISL,21761.01853,4122.3355,4449.1071,5043.3159,5144.2887106422,5390.98473567479,5530.25743465459,5514.85399229931,..,..,..,..
Total greenhouse gas emissions (kt of CO2 equivalent),EN.ATM.GHGT.KT.CE,India,IND,1387371.82,1885189,2382011.76,2438714.28,2594639.91697394,2771456.75614684,2828845.82898461,3002894.92752695,..,..,..,..
Total greenhouse gas emissions (kt of CO2 equivalent),EN.ATM.GHGT.KT.CE,Indonesia,IDN,1165113.41,622464.65,772946.22,796581.92,1148285.67917462,744790.024070399,763553.164939774,780550.764031458,..,..,..,..
Total greenhouse gas emissions (kt of CO2 equivalent),EN.ATM.GHGT.KT.CE,"Iran, Islamic Rep.",IRN,283712.886,448089.454,650956.813,..,..,..,..,..,..,..,..,..
Total greenhouse gas emissions (kt of CO2 equivalent),EN.ATM.GHGT.KT.CE,Iraq,IRQ,99866.44,124402.47,130078.493,137871.117,138423.769146231,146903.733169242,151457.060059124,155529.505046712,..,..,..,..
Total greenhouse gas emissions (kt of CO2 equivalent),EN.ATM.GHGT.KT.CE,Ireland,IRL,65583.192,68143.29,70033.0319,70132.71958,65613.0705702765,65591.2459838566,61268.1023659476,62433.0138852174,..,..,..,..
Total greenhouse gas emissions (kt of CO2 equivalent),EN.ATM.GHGT.KT.CE,Isle of Man,IMN,..,..,..,..,..,..,..,..,..,..,..,..
Total greenhouse gas emissions (kt of CO2 equivalent),EN.ATM.GHGT.KT.CE,Israel,ISR,39609.3299,65619.3898423,77128.57252,75238.54546,75026.0352778109,79072.4356631562,81703.9131146652,84044.4344111728,..,..,..,..
Total greenhouse gas emissions (kt of CO2 equivalent),EN.ATM.GHGT.KT.CE,Italy,ITA,508764.943,547349.86,547383.143,529283.803,480698.223117841,489460.132730355,482619.037546784,482634.000294537,..,..,..,..
Total greenhouse gas emissions (kt of CO2 equivalent),EN.ATM.GHGT.KT.CE,Jamaica,JAM,9319.21737,12364.4322,15423.5468,13912.5571,13884.0972177137,14581.6781043858,15053.5054602312,15474.3204085017,..,..,..,..
Total greenhouse gas emissions (kt of CO2 equivalent),EN.ATM.GHGT.KT.CE,Japan,JPN,1304676.03,1406194.588,1461356.118,1385164.839,1290243.64782972,1350427.9134916,1396767.26078631,1478858.88126732,..,..,..,..
Total greenhouse gas emissions (kt of CO2 equivalent),EN.ATM.GHGT.KT.CE,Jordan,JOR,11599.3165797,17799.0188,23900.584,24469.11527,24315.6473389454,25590.049644546,26440.7735323218,27198.5945143973,..,..,..,..
Total greenhouse gas emissions (kt of CO2 equivalent),EN.ATM.GHGT.KT.CE,Kazakhstan,KAZ,372290.9362,207395.42,315840.136,330512.052,287801.126034189,347356.081602398,350475.734882164,366502.19730054,..,..,..,..
Total greenhouse gas emissions (kt of CO2 equivalent),EN.ATM.GHGT.KT.CE,Kenya,KEN,38943.126,46237.25,53054.236,53277.032,52547.6800367631,52675.1023516439,53513.9923820998,54302.0956122537,..,..,..,..
Total greenhouse gas emissions (kt of CO2 equivalent),EN.ATM.GHGT.KT.CE,Kiribati,KIR,39.7799279,42.698831,51.375821,..,52.6991169526772,..,..,..,..,..,..,..
Total greenhouse gas emissions (kt of CO2 equivalent),EN.ATM.GHGT.KT.CE,"Korea, Dem. People’s Rep.",PRK,162999.454,97813.668,92054.1519,99381.168,99920.3788841107,104116.604314427,107165.318927918,109894.964984758,..,..,..,..
Total greenhouse gas emissions (kt of CO2 equivalent),EN.ATM.GHGT.KT.CE,"Korea, Rep.",KOR,300501.326,512819.936,575558.3818,594982.1988,594493.202241893,628838.721073131,650085.534882287,668989.651446327,..,..,..,..
Total greenhouse gas emissions (kt of CO2 equivalent),EN.ATM.GHGT.KT.CE,Kosovo,XKX,..,..,..,..,..,..,..,..,..,..,..,..
Total greenhouse gas emissions (kt of CO2 equivalent),EN.ATM.GHGT.KT.CE,Kuwait,KWT,..,65239.5715,86228.4561,89301.4427,88824.8817802557,93785.5685485441,96788.1942169604,..,..,..,..,..
Total greenhouse gas emissions (kt of CO2 equivalent),EN.ATM.GHGT.KT.CE,Kyrgyz Republic,KGZ,33283.18809,9973.9558,11464.2627,11873.2617,13218.8107777734,13008.5431032492,13853.6745152227,13794.7412448409,..,..,..,..
Total greenhouse gas emissions (kt of CO2 equivalent),EN.ATM.GHGT.KT.CE,Lao PDR,LAO,30128.598,24667.954,70977.957,21335.613,24469.6379259297,38034.9636272718,161456.982700603,161718.737448862,..,..,..,..
Total greenhouse gas emissions (kt of CO2 equivalent),EN.ATM.GHGT.KT.CE,Latvia,LVA,33667.7706,11507.8095,14416.1433,14204.6668,13580.3226,14670.0039,14150.0953121195,13943.921724239,..,..,..,..
Total greenhouse gas emissions (kt of CO2 equivalent),EN.ATM.GHGT.KT.CE,Lebanon,LBN,..,16825.6618,15102.0736,18270.36045,..,..,..,..,..,..,..,..
Total greenhouse gas emissions (kt of CO2 equivalent),EN.ATM.GHGT.KT.CE,Lesotho,LSO,1882.4258,3230.5765,4439.4282,2543.498,2727.98013422641,3425.27889786419,3449.40565110162,3472.70753642453,..,..,..,..
Total greenhouse gas emissions (kt of CO2 equivalent),EN.ATM.GHGT.KT.CE,Liberia,LBR,1752.526409,2076.31708,2847.6082,2863.1407,2599.79846235048,2758.54687127273,2797.37082211107,2833.94277850522,..,..,..,..
Total greenhouse gas emissions (kt of CO2 equivalent),EN.ATM.GHGT.KT.CE,Libya,LBY,61074.1542,63666.8898,71090.5683,74238.8201,73995.4159130736,77780.0897279971,80072.8192017551,82129.133946468,..,..,..,..
Total greenhouse gas emissions (kt of CO2 equivalent),EN.ATM.GHGT.KT.CE,Liechtenstein,LIE,..,..,..,..,..,..,..,..,..,..,..,..
Total greenhouse gas emissions (kt of CO2 equivalent),EN.ATM.GHGT.KT.CE,Lithuania,LTU,54344.5327,21257.1305,25791.099,26732.648,24473.52047,26786.483,29324.6896732865,29442.2123465731,..,..,..,..
Total greenhouse gas emissions (kt of CO2 equivalent),EN.ATM.GHGT.KT.CE,Luxembourg,LUX,13101.9844,10268.3634,13072.4388,12702.3411,12343.3163024847,13034.8157583223,12929.5408156803,12610.9976195246,..,..,..,..
Total greenhouse gas emissions (kt of CO2 equivalent),EN.ATM.GHGT.KT.CE,"Macao SAR, China",MAC,..,..,..,..,..,..,..,..,..,..,..,..
Total greenhouse gas emissions (kt of CO2 equivalent),EN.ATM.GHGT.KT.CE,"Macedonia, FYR",MKD,14328.5064,..,12465.444,11742.8238,11639.367239289,12257.5435281439,12645.7140398317,12992.2469938559,..,..,..,..
Total greenhouse gas emissions (kt of CO2 equivalent),EN.ATM.GHGT.KT.CE,Madagascar,MDG,48353.24978,84187.244,134284.869,94468.136,117984.460835901,117231.040631623,117586.217732155,117932.597060147,..,..,..,..
Total greenhouse gas emissions (kt of CO2 equivalent),EN.ATM.GHGT.KT.CE,Malawi,MWI,8537.0945,15450.3876,17520.1761,17735.299,15595.8303564547,21415.5371809398,21525.7616594699,21632.1320932947,..,..,..,..
Total greenhouse gas emissions (kt of CO2 equivalent),EN.ATM.GHGT.KT.CE,Malaysia,MYS,198587.5635,171393.521,250680.678,256755.874,277979.415615578,263676.105986662,271818.836761596,279098.376755817,..,..,..,..
Total greenhouse gas emissions (kt of CO2 equivalent),EN.ATM.GHGT.KT.CE,Maldives,MDV,..,..,..,..,..,..,..,..,..,..,..,..
Total greenhouse gas emissions (kt of CO2 equivalent),EN.ATM.GHGT.KT.CE,Mali,MLI,30794.145,70241.634,74744.398,86890.413,74104.2691956336,76827.8814527539,77134.1826164302,77437.931654233,..,..,..,..
Total greenhouse gas emissions (kt of CO2 equivalent),EN.ATM.GHGT.KT.CE,Malta,MLT,2605.29414,2553.04695,3227.64269,..,..,..,..,..,..,..,..,..
Total greenhouse gas emissions (kt of CO2 equivalent),EN.ATM.GHGT.KT.CE,Marshall Islands,MHL,..,..,..,..,..,..,..,..,..,..,..,..
Total greenhouse gas emissions (kt of CO2 equivalent),EN.ATM.GHGT.KT.CE,Mauritania,MRT,5976.906,11950.5596,13429.1196,11721.4539,11967.5831531667,12951.0065581117,13153.8609240339,13343.1626272099,..,..,..,..
Total greenhouse gas emissions (kt of CO2 equivalent),EN.ATM.GHGT.KT.CE,Mauritius,MUS,1576.65897,..,..,..,..,..,..,..,..,..,..,..
Total greenhouse gas emissions (kt of CO2 equivalent),EN.ATM.GHGT.KT.CE,Mexico,MEX,494151.02,576489.52,646318.66,644167.96,648860.079135921,643375.43361602,652861.29145972,663424.954361171,..,..,..,..
Total greenhouse gas emissions (kt of CO2 equivalent),EN.ATM.GHGT.KT.CE,"Micronesia, Fed. Sts.",FSM,47.63686,..,..,..,..,..,..,..,..,..,..,..
Total greenhouse gas emissions (kt of CO2 equivalent),EN.ATM.GHGT.KT.CE,Moldova,MDA,38029.79932,10796.1408,12163.9801,11170.1713,11008.6907771068,11338.7077686998,11433.4868914836,11350.629999647,..,..,..,..
Total greenhouse gas emissions (kt of CO2 equivalent),EN.ATM.GHGT.KT.CE,Monaco,MCO,..,..,..,..,..,..,..,..,..,..,..,..
Total greenhouse gas emissions (kt of CO2 equivalent),EN.ATM.GHGT.KT.CE,Mongolia,MNG,58042.678,51756.455,55403.599,46513.8,50237.0158902693,24860.3781081674,..,..,..,..,..,..
Total greenhouse gas emissions (kt of CO2 equivalent),EN.ATM.GHGT.KT.CE,Montenegro,MNE,..,..,..,..,..,..,..,..,..,..,..,..
Total greenhouse gas emissions (kt of CO2 equivalent),EN.ATM.GHGT.KT.CE,Morocco,MAR,37543.266,50974.378,73113.44,72650.847,72152.210619649,76087.3788481451,78381.399786628,80436.7152145251,..,..,..,..
Total greenhouse gas emissions (kt of CO2 equivalent),EN.ATM.GHGT.KT.CE,Mozambique,MOZ,40943.06776,215278.008,317678.2949,363780.5718,307176.207409471,379823.550388872,380073.237805556,380308.292508061,..,..,..,..
Total greenhouse gas emissions (kt of CO2 equivalent),EN.ATM.GHGT.KT.CE,Myanmar,MMR,875447.03,185137.09,349940.751,189004.373,266006.03229454,325367.139062547,526919.838488792,528416.217662507,..,..,..,..
Total greenhouse gas emissions (kt of CO2 equivalent),EN.ATM.GHGT.KT.CE,Namibia,NAM,7299.9503,33985.47,36561.0978,28595.4652,39971.703287644,37647.5718011523,37855.6522446755,38049.2707847565,..,..,..,..
Total greenhouse gas emissions (kt of CO2 equivalent),EN.ATM.GHGT.KT.CE,Nauru,NRU,..,..,..,..,..,..,..,..,..,..,..,..
Total greenhouse gas emissions (kt of CO2 equivalent),EN.ATM.GHGT.KT.CE,Nepal,NPL,25118.3339,31234.017,31263.61,32026.569,32809.2621925374,32738.69185878,33160.9713713475,40762.7152881677,..,..,..,..
Total greenhouse gas emissions (kt of CO2 equivalent),EN.ATM.GHGT.KT.CE,Netherlands,NLD,224468.089,220319.9,208848.042454,205061.312,201884.487178424,212418.45504564,200143.54444018,195873.763889571,..,..,..,..
Total greenhouse gas emissions (kt of CO2 equivalent),EN.ATM.GHGT.KT.CE,New Caledonia,NCL,1633.16868,..,..,..,..,..,..,..,..,..,..,..
Total greenhouse gas emissions (kt of CO2 equivalent),EN.ATM.GHGT.KT.CE,New Zealand,NZL,65689.817,74422.829,81888.391,81442.9,76062.1502053644,76141.6578305852,75851.1222399306,78130.9798816606,..,..,..,..
Total greenhouse gas emissions (kt of CO2 equivalent),EN.ATM.GHGT.KT.CE,Nicaragua,NIC,10263.4765,14043.287,15276.859,15791.953,15861.9682306353,15794.3498057937,16068.6412130905,16323.0434302921,..,..,..,..
Total greenhouse gas emissions (kt of CO2 equivalent),EN.ATM.GHGT.KT.CE,Niger,NER,6929.2769,11124.281,10970.2882,10491.4259,10530.9297519483,11219.5051135265,11342.1190258822,11460.9158280465,..,..,..,..
Total greenhouse gas emissions (kt of CO2 equivalent),EN.ATM.GHGT.KT.CE,Nigeria,NGA,163274.1763,314978.544,335201.39,316058.63,273156.363092577,292211.735427326,296799.948975518,301010.125866092,..,..,..,..
Total greenhouse gas emissions (kt of CO2 equivalent),EN.ATM.GHGT.KT.CE,Northern Mariana Islands,MNP,5.1160915,8.46553305,11.00040397,11.3841499,11.79593055,12.24371151,12.3661486251,12.4885857402,..,..,..,..
Total greenhouse gas emissions (kt of CO2 equivalent),EN.ATM.GHGT.KT.CE,Norway,NOR,67466.0999,71217.9,72404.46722,71002.7568,65840.6636900105,65710.0642142401,64181.1477579667,63536.7320746753,..,..,..,..
Total greenhouse gas emissions (kt of CO2 equivalent),EN.ATM.GHGT.KT.CE,Oman,OMN,35356.2927,35439.108,52515.093,55220.8011,55510.2056941071,59041.9795817376,60705.5913108149,62201.5508044815,..,..,..,..
Total greenhouse gas emissions (kt of CO2 equivalent),EN.ATM.GHGT.KT.CE,Pakistan,PAK,172551.2859,247348.795,336409.906,338551.92,343244.201743882,354528.622197099,362475.094356567,369734.583692698,..,..,..,..
Total greenhouse gas emissions (kt of CO2 equivalent),EN.ATM.GHGT.KT.CE,Palau,PLW,..,..,..,..,..,..,..,..,..,..,..,..
Total greenhouse gas emissions (kt of CO2 equivalent),EN.ATM.GHGT.KT.CE,Panama,PAN,6814.4507,9158.7515,11689.1502,15082.5873,15489.5112672717,15428.76050942,15860.4557625829,16248.7722905672,..,..,..,..
Total greenhouse gas emissions (kt of CO2 equivalent),EN.ATM.GHGT.KT.CE,Papua New Guinea,PNG,29504.072,8257.4614,9773.2384,9516.4689,11298.7329775057,10667.5964883463,10888.0894662948,11087.4570564505,..,..,..,..
Total greenhouse gas emissions (kt of CO2 equivalent),EN.ATM.GHGT.KT.CE,Paraguay,PRY,63833.492,39439.471,138575.697,54092.028,46875.5965759124,50027.5030005582,50445.1164029722,50843.9542041131,..,..,..,..
Total greenhouse gas emissions (kt of CO2 equivalent),EN.ATM.GHGT.KT.CE,Peru,PER,59544.1966,66574.044,70911.513,63708.119,64753.407771013,71614.2940211242,73289.702901321,74806.9567445781,..,..,..,..
Total greenhouse gas emissions (kt of CO2 equivalent),EN.ATM.GHGT.KT.CE,Philippines,PHL,96355.436,150078.87,149106.274,152332.054,223801.402582966,159940.452828914,163797.78766544,167297.549725585,..,..,..,..
Total greenhouse gas emissions (kt of CO2 equivalent),EN.ATM.GHGT.KT.CE,Poland,POL,474016.0603,392642.0366,421174.6542,420981.528,405421.159762265,426485.868351622,422791.468168537,414606.89232929,..,..,..,..
Total greenhouse gas emissions (kt of CO2 equivalent),EN.ATM.GHGT.KT.CE,Portugal,PRT,58227.179,88594.191,79399.304,74433.765,75492.5034292383,71681.4684400366,71977.8870090626,72524.218510274,..,..,..,..
Total greenhouse gas emissions (kt of CO2 equivalent),EN.ATM.GHGT.KT.CE,Puerto Rico,PRI,2941.1635,2963.27411,3064.31024,3067.96985,3119.06938320473,3199.24568321129,3247.52000136847,3293.25487972272,..,..,..,..
Total greenhouse gas emissions (kt of CO2 equivalent),EN.ATM.GHGT.KT.CE,Qatar,QAT,21978.4828,44439.7,77135.76161,83149.36557,86227.8146737545,98391.5338465153,100891.323358578,103155.120721373,..,..,..,..
Total greenhouse gas emissions (kt of CO2 equivalent),EN.ATM.GHGT.KT.CE,Romania,ROU,247279.3403,132627.536,141043.059,136834.935,119648.2095,117930.698,126194.415552348,121762.225104696,..,..,..,..
Total greenhouse gas emissions (kt of CO2 equivalent),EN.ATM.GHGT.KT.CE,Russian Federation,RUS,3593581.92,2771222,2604102.33,2995286.6,2562920.977736,2603289.62983381,2777724.31014007,2803398.4879042,..,..,..,..
Total greenhouse gas emissions (kt of CO2 equivalent),EN.ATM.GHGT.KT.CE,Rwanda,RWA,3251.96376,4900.3316,4904.6175,5183.7427,5967.06192569087,6547.47491286008,6620.24670057814,6689.94889743344,..,..,..,..
Total greenhouse gas emissions (kt of CO2 equivalent),EN.ATM.GHGT.KT.CE,Samoa,WSM,287.10673,318.53193,326.9412,330.23679,330.708149791493,340.977682074287,348.882192362577,356.086960000804,..,..,..,..
Total greenhouse gas emissions (kt of CO2 equivalent),EN.ATM.GHGT.KT.CE,San Marino,SMR,..,..,..,..,..,..,..,..,..,..,..,..
Total greenhouse gas emissions (kt of CO2 equivalent),EN.ATM.GHGT.KT.CE,Sao Tome and Principe,STP,97.473043,206.896072,169.708684,175.963732,177.024126785466,185.451631790855,190.736300569879,195.486961272431,..,..,..,..
Total greenhouse gas emissions (kt of CO2 equivalent),EN.ATM.GHGT.KT.CE,Saudi Arabia,SAU,..,310713.5,419852.998,446765.124,471266.326647713,..,514967.262649612,..,..,..,..,..
Total greenhouse gas emissions (kt of CO2 equivalent),EN.ATM.GHGT.KT.CE,Senegal,SEN,11016.4282,48632.878,47429.886,51876.505,47324.755141409,53407.5710536081,53810.0458870121,54185.3718787515,..,..,..,..
Total greenhouse gas emissions (kt of CO2 equivalent),EN.ATM.GHGT.KT.CE,Serbia,SRB,..,..,..,..,..,..,..,..,..,..,..,..
Total greenhouse gas emissions (kt of CO2 equivalent),EN.ATM.GHGT.KT.CE,Seychelles,SYC,365.272339,..,786.5191,806.416085,805.942230706433,854.072184402449,883.831427003904,910.287358285027,..,..,..,..
Total greenhouse gas emissions (kt of CO2 equivalent),EN.ATM.GHGT.KT.CE,Sierra Leone,SLE,9628.770868,14763.8481,28565.22,33083.703,17509.103840073,11647.4905123863,11731.1661612871,11810.8870188195,..,..,..,..
Total greenhouse gas emissions (kt of CO2 equivalent),EN.ATM.GHGT.KT.CE,Singapore,SGP,..,..,49828.815,50059.9548,49828.2152938626,52731.9988239379,54413.5540095278,55910.2813044732,..,..,..,..
Total greenhouse gas emissions (kt of CO2 equivalent),EN.ATM.GHGT.KT.CE,Sint Maarten (Dutch part),SXM,..,..,..,..,..,..,..,..,..,..,..,..
Total greenhouse gas emissions (kt of CO2 equivalent),EN.ATM.GHGT.KT.CE,Slovak Republic,SVK,72262.4462,50421.399,48141.598,49160.9889427,46722.85803,49973.282,48551.7499855841,46301.2739711681,..,..,..,..
Total greenhouse gas emissions (kt of CO2 equivalent),EN.ATM.GHGT.KT.CE,Slovenia,SVN,19978.0218,20927.0855,22932.5376,23252.2604,21453.1576,21893.6609,21513.476468893,21074.7483377861,..,..,..,..
Total greenhouse gas emissions (kt of CO2 equivalent),EN.ATM.GHGT.KT.CE,Solomon Islands,SLB,5903.502,4086.0635,4406.1073,4411.7304,4419.51705605364,4479.82999608379,4536.57738178344,4591.46452705258,..,..,..,..
Total greenhouse gas emissions (kt of CO2 equivalent),EN.ATM.GHGT.KT.CE,Somalia,SOM,17953.4060594,20491.617,21272.603,21450.946,21130.6211247516,21461.805455857,21690.2656830673,21916.3232231908,..,..,..,..
Total greenhouse gas emissions (kt of CO2 equivalent),EN.ATM.GHGT.KT.CE,South Africa,ZAF,349202.002,420482.753,502130.255,..,..,..,..,..,..,..,..,..
Total greenhouse gas emissions (kt of CO2 equivalent),EN.ATM.GHGT.KT.CE,South Sudan,SSD,..,..,..,..,..,..,..,..,..,..,..,..
Total greenhouse gas emissions (kt of CO2 equivalent),EN.ATM.GHGT.KT.CE,Spain,ESP,293343.061,381031.15,439904.168,404869.429,372822.515384651,354618.022613412,353857.386145107,348257.292233754,..,..,..,..
Total greenhouse gas emissions (kt of CO2 equivalent),EN.ATM.GHGT.KT.CE,Sri Lanka,LKA,18379.0014,23282.5721,27768.839,27954.9991,27826.5551277157,29131.2905203967,29822.7789910656,30451.8263103441,..,..,..,..
Total greenhouse gas emissions (kt of CO2 equivalent),EN.ATM.GHGT.KT.CE,St. Kitts and Nevis,KNA,..,..,..,..,..,..,..,..,..,..,..,..
Total greenhouse gas emissions (kt of CO2 equivalent),EN.ATM.GHGT.KT.CE,St. Lucia,LCA,278.116504,404.93516,512.25312,533.67247,534.355854746858,563.915882513968,582.33575435051,598.765917552075,..,..,..,..
Total greenhouse gas emissions (kt of CO2 equivalent),EN.ATM.GHGT.KT.CE,St. Martin (French part),MAF,..,..,..,..,..,..,..,..,..,..,..,..
Total greenhouse gas emissions (kt of CO2 equivalent),EN.ATM.GHGT.KT.CE,St. Vincent and the Grenadines,VCT,140.6361373,222.544768,276.96653,284.790058,..,301.562853783709,310.883655689352,319.21808524325,..,..,..,..
Total greenhouse gas emissions (kt of CO2 equivalent),EN.ATM.GHGT.KT.CE,Sudan,SDN,92666.85,529253.88,634374.73,572341.41,559206.070707765,487562.733687685,489798.213265019,491982.266532203,..,..,..,..
Total greenhouse gas emissions (kt of CO2 equivalent),EN.ATM.GHGT.KT.CE,Suriname,SUR,10497.9035,2495.7631,2466.89566,3262.83885,3125.74816500608,..,2598.26121843145,2657.8776235695,..,..,..,..
Total greenhouse gas emissions (kt of CO2 equivalent),EN.ATM.GHGT.KT.CE,Swaziland,SWZ,2261.6269,2814.7361,3715.2655,3255.8421,3032.49166449197,3378.3390138447,3430.02474988828,3478.03453213704,..,..,..,..
Total greenhouse gas emissions (kt of CO2 equivalent),EN.ATM.GHGT.KT.CE,Sweden,SWE,77170.66264,77926.242,71293.1667,69993.2847,65034.0671220206,71434.7098130697,68780.3304510237,65767.7870645559,..,..,..,..
Total greenhouse gas emissions (kt of CO2 equivalent),EN.ATM.GHGT.KT.CE,Switzerland,CHE,56393.8008,53063.2151,54112.486,56634.8927,55245.9738703299,57154.1827287513,53066.8668627694,54108.0975149024,..,..,..,..
Total greenhouse gas emissions (kt of CO2 equivalent),EN.ATM.GHGT.KT.CE,Syrian Arab Republic,SYR,48602.089,68163.2714,73073.0659,70097.5424,69995.6579645358,73021.0350245709,75181.2622617497,77118.711861813,..,..,..,..
Total greenhouse gas emissions (kt of CO2 equivalent),EN.ATM.GHGT.KT.CE,Tajikistan,TJK,21668.05999,10059.39617585,14531.7933,14274.5997,14128.8782893332,14727.2055380711,15285.8198091057,15364.5752926943,..,..,..,..
Total greenhouse gas emissions (kt of CO2 equivalent),EN.ATM.GHGT.KT.CE,Tanzania,TZA,94958.046,215939.362,202224.85,201404.515,231456.25049325,234147.160880009,234762.029551845,235353.116917654,..,..,..,..
Total greenhouse gas emissions (kt of CO2 equivalent),EN.ATM.GHGT.KT.CE,Thailand,THA,208062.848,283870.041,388568.002,357708.275,363782.105446216,421227.830998173,431312.309909655,440411.679002401,..,..,..,..
Total greenhouse gas emissions (kt of CO2 equivalent),EN.ATM.GHGT.KT.CE,Timor-Leste,TLS,453.01726,615.325105,901.8808,912.7317,925.415296218775,940.459643325301,949.906839441293,959.347403614566,..,..,..,..
Total greenhouse gas emissions (kt of CO2 equivalent),EN.ATM.GHGT.KT.CE,Togo,TGO,13410.2559,22054.7083,19389.963,27174.075,23856.093170699,22578.1196825482,22760.6386155452,22931.8554918877,..,..,..,..
Total greenhouse gas emissions (kt of CO2 equivalent),EN.ATM.GHGT.KT.CE,Tonga,TON,124.449085,175.118306,153.466908,147.585116,147.552847755048,151.934445980651,155.290599558298,..,..,..,..,..
Total greenhouse gas emissions (kt of CO2 equivalent),EN.ATM.GHGT.KT.CE,Trinidad and Tobago,TTO,..,24111.8088,51308.1038,54553.4709,54882.3407344638,58068.7623984508,59776.5834191611,61308.5253484805,..,..,..,..
Total greenhouse gas emissions (kt of CO2 equivalent),EN.ATM.GHGT.KT.CE,Tunisia,TUN,21219.0337,30799.8283,33570.51959,35101.99196,35556.6116489669,37649.9734733698,38741.1352417547,39721.0088471343,..,..,..,..
Total greenhouse gas emissions (kt of CO2 equivalent),EN.ATM.GHGT.KT.CE,Turkey,TUR,224459.0446,316464.841,406298.253,399181.904,404636.723099019,422721.874159766,434798.461210204,445640.078387113,..,..,..,..
Total greenhouse gas emissions (kt of CO2 equivalent),EN.ATM.GHGT.KT.CE,Turkmenistan,TKM,81331.86526,63236.1554,86686.09,91468.9779,80016.1400189655,87379.668518004,88648.7177282147,92178.0749079615,..,..,..,..
Total greenhouse gas emissions (kt of CO2 equivalent),EN.ATM.GHGT.KT.CE,Turks and Caicos Islands,TCA,2.39359482,..,..,..,..,..,..,..,..,..,..,..
Total greenhouse gas emissions (kt of CO2 equivalent),EN.ATM.GHGT.KT.CE,Tuvalu,TUV,4.0320927,4.8968753,5.0529942,5.0625602,5.06820788774088,5.1096784152729,5.17598123419742,5.23991676902267,..,..,..,..
Total greenhouse gas emissions (kt of CO2 equivalent),EN.ATM.GHGT.KT.CE,Uganda,UGA,36900.522,72771.094,104200.612,89206.67,52830.3474079837,79906.210271338,80318.9682529937,80725.0849205519,..,..,..,..
Total greenhouse gas emissions (kt of CO2 equivalent),EN.ATM.GHGT.KT.CE,Ukraine,UKR,953118.7193,470107.957,444201.662,436817.125,367349.707769596,393092.05937722,410067.313082423,404900.30485731,..,..,..,..
Total greenhouse gas emissions (kt of CO2 equivalent),EN.ATM.GHGT.KT.CE,United Arab Emirates,ARE,72498.5763,115420.5144,167986.4324,181388.5363,182422.169198051,193127.157628676,199342.522558574,204888.718962496,..,..,..,..
Total greenhouse gas emissions (kt of CO2 equivalent),EN.ATM.GHGT.KT.CE,United Kingdom,GBR,777244.23,673897.408,646412.1481,635417.17264,584940.879687974,609586.560951622,568061.828941121,585779.783273432,..,..,..,..
Total greenhouse gas emissions (kt of CO2 equivalent),EN.ATM.GHGT.KT.CE,United States,USA,6136093.5,6969123.8,7128951.7,6648991.2,6604068.9516624,6713348.96911148,6571653.97696764,6343840.50774614,..,..,..,..
Total greenhouse gas emissions (kt of CO2 equivalent),EN.ATM.GHGT.KT.CE,Uruguay,URY,26111.56991,30375.776,33889.416,34052.25,33509.6759700056,33285.1966327107,33773.770839407,34237.8295185601,..,..,..,..
Total greenhouse gas emissions (kt of CO2 equivalent),EN.ATM.GHGT.KT.CE,Uzbekistan,UZB,169357.5032,165976.901,173888.2978,183949.988,173966.218653096,172722.665726421,180734.945597965,177223.750994586,..,..,..,..
Total greenhouse gas emissions (kt of CO2 equivalent),EN.ATM.GHGT.KT.CE,Vanuatu,VUT,433.35203,462.64018,444.5052,448.64291,426.858698600237,433.765841618424,440.152732079289,446.220596935657,..,..,..,..
Total greenhouse gas emissions (kt of CO2 equivalent),EN.ATM.GHGT.KT.CE,"Venezuela, RB",VEN,210102.629,251579.927,280143.816,271197.403,265790.10264781,268746.195077937,275683.763795513,281921.368594355,..,..,..,..
Total greenhouse gas emissions (kt of CO2 equivalent),EN.ATM.GHGT.KT.CE,Vietnam,VNM,99053.923,155791.92,256396.703,255549.534,266081.848157342,278994.359953824,285091.055716172,310664.069273385,..,..,..,..
Total greenhouse gas emissions (kt of CO2 equivalent),EN.ATM.GHGT.KT.CE,Virgin Islands (U.S.),VIR,45.298507,43.272328,51.748247,53.838381,56.6375496035154,60.2122077074707,60.8557130023383,61.4927757344388,..,..,..,..
Total greenhouse gas emissions (kt of CO2 equivalent),EN.ATM.GHGT.KT.CE,West Bank and Gaza,PSE,..,..,..,..,..,..,..,..,..,..,..,..
Total greenhouse gas emissions (kt of CO2 equivalent),EN.ATM.GHGT.KT.CE,"Yemen, Rep.",YEM,12850.0134,24225.1802,36225.625,36800.226,37027.203947787,38865.2924309914,39949.0821612584,40924.6276912645,..,..,..,..
Total greenhouse gas emissions (kt of CO2 equivalent),EN.ATM.GHGT.KT.CE,Zambia,ZMB,209648.820069,290812.3696,341005.669,321163.519,266118.483645849,319784.630374572,320024.69699237,320254.218335756,..,..,..,..
Total greenhouse gas emissions (kt of CO2 equivalent),EN.ATM.GHGT.KT.CE,Zimbabwe,ZWE,35100.59,51434.535,60917.825,68840.706,67914.1310078185,71019.1167281256,71561.9522501464,72057.8033221346,..,..,..,..
,,,,,,,,,,,,,,,
,,,,,,,,,,,,,,,
,,,,,,,,,,,,,,,
Data from database: World Development Indicators,,,,,,,,,,,,,,,
Last Updated: 04/27/2017,,,,,,,,,,,,,,,
